{
    "PDFPauloDias": {
        "1179 bula manifestis probatum.": -11.59652644984462,
        "1190-1191 nova ofensiva almóada.": -11.59652644984462,
        "1220 primeiras inquirições gerais.": -11.59652644984462
    },
    "PDFOliveiraMartins": {
        "quem é?, pouco importa.": -11.59652644984462,
        "questão absurda, assim formulada.": -11.59652644984462,
        "caminhos de oriente para ocidente.": -11.59652644984462
    },
    "WEBPAGE1": {
        "a governação sueva baseou-se nas paróquias, descritas no parochiale suevorum de c.569.": -11.655276903500335,
        "houve numerosas conspirações e golpes de estado.": -11.677619471466253,
        "apesar de arabizados, os moçárabes mantiveram um contínuo de dialetos românicos — a língua moçárabe — e rituais cristãos.": -11.683489338823923
    }
}